ID,Nombre,Marca,Categoría,Slug,Descripción,Precio,Precio con descuento,Stock,Activo,CODIGO AIKON,COLOR,MEDIDA,TERMINACIÓN,Imagen
41,Pincel Persianero,El Galgo,Accesorios,pincel-persianero-n10-galgo,"Pincel persianero profesional N°10 marca Galgo. Ideal para pintar persianas, rejas y superficies con ranuras. Cerdas de alta calidad que garantizan un acabado uniforme y duradero. Mango ergonómico para mayor comodidad durante el trabajo.",2491,1743.7,25,Sí,524,NULL,Nº10,NULL,https://aakzspzfulgftqlgwkpb.supabase.co/storage/v1/object/public/product-images/galgo/pincel-persianero-n10-galgo.webp
42,Pincel Persianero,El Galgo,Accesorios,pincel-persianero-n15-galgo,Pincel persianero profesional N°15 marca Galgo. Tamaño intermedio perfecto para trabajos de precisión en persianas y estructuras metálicas. Excelente retención de pintura y distribución uniforme.,2888,2021.6,20,Sí,525,NULL,Nº15,NULL,https://aakzspzfulgftqlgwkpb.supabase.co/storage/v1/object/public/product-images/galgo/pincel-persianero-n15-galgo.webp
43,Pincel Persianero,El Galgo,Accesorios,pincel-persianero-n20-galgo,"Pincel persianero profesional N°20 marca Galgo. Tamaño estándar para trabajos generales en persianas, rejas y carpintería metálica. Cerdas resistentes a solventes y pinturas sintéticas.",3732,2612.4,18,Sí,526,NULL,Nº20,NULL,https://aakzspzfulgftqlgwkpb.supabase.co/storage/v1/object/public/product-images/galgo/pincel-persianero-n20-galgo.webp
44,Pincel Persianero,El Galgo,Accesorios,pincel-persianero-n25-galgo,Pincel persianero profesional N°25 marca Galgo. Ideal para superficies más amplias manteniendo la precisión en ranuras y espacios reducidos. Excelente para trabajos de mantenimiento industrial.,4521,3164.7,15,Sí,527,NULL,Nº25,NULL,https://aakzspzfulgftqlgwkpb.supabase.co/storage/v1/object/public/product-images/galgo/pincel-persianero-n25-galgo.webp
45,Pincel Persianero,El Galgo,Accesorios,pincel-persianero-n30-galgo,"Pincel persianero profesional N°30 marca Galgo. El más grande de la línea, perfecto para trabajos extensos en persianas y estructuras metálicas grandes. Máxima capacidad de carga de pintura.",7032,4922.4,12,Sí,528,NULL,Nº30,NULL,https://aakzspzfulgftqlgwkpb.supabase.co/storage/v1/object/public/product-images/galgo/pincel-persianero-n30-galgo.webp
46,Rodillo 22cm Lanar Elefante,El Galgo,Accesorios,rodillo-22cm-lanar-elefante-galgo,Rodillo profesional de 22cm con lana de oveja natural marca Galgo. Sistema antigoteo que evita salpicaduras. Ideal para pinturas látex y acrílicas. Excelente absorción y distribución uniforme de la pintura. Incluye arco metálico reforzado.,12962,9073.4,30,Sí,2353,NULL,22cm,NULL,https://aakzspzfulgftqlgwkpb.supabase.co/storage/v1/object/public/product-images/galgo/rodillo-22cm-lanar-elefante-galgo.webp
47,Plavipint Techos Poliuretánico,Plavicon,Techos,plavipint-techos-poliuretanico-10l-plavicon,Membrana líquida poliuretánica para techos marca Plavicon. Excelente impermeabilización y resistencia a la intemperie. Aplicación directa sobre diversos sustratos. Elasticidad permanente que resiste movimientos estructurales. Rendimiento: 1.5-2 kg/m².,80032,56022.4,15,,4488,"BLANCO, ROJO TEJA",10KG,NULL,https://aakzspzfulgftqlgwkpb.supabase.co/storage/v1/object/public/product-images/plavicon/plavipint-techos-poliuretanico-10l-plavicon.webp
48,Plavipint Techos Poliuretánico,Plavicon,Techos,plavipint-techos-poliuretanico-20l-plavicon,"Membrana líquida poliuretánica para techos marca Plavicon presentación 20L. Máxima protección contra filtraciones. Resistente a rayos UV, granizo y cambios térmicos extremos. Ideal para techos planos y con pendiente.",144341,101038.7,10,,4487,"BLANCO, ROJO TEJA",20KG,NULL,https://aakzspzfulgftqlgwkpb.supabase.co/storage/v1/object/public/product-images/plavicon/plavipint-techos-poliuretanico-20l-plavicon.webp
49,Membrana Performa,Plavicon,Techos,membrana-performa-20l-plavicon,"Membrana líquida acrílica Performa de Plavicon. Impermeabilizante de alta performance para techos y terrazas. Excelente adherencia sobre hormigón, fibrocemento y metal. Resistencia superior a la intemperie y fácil aplicación con pincel o rodillo.",103000,72100,12,Sí,4444,BLANCO,20KG,NULL,https://aakzspzfulgftqlgwkpb.supabase.co/storage/v1/object/public/product-images/plavicon/membrana-performa-20l-plavicon.webp
50,Látex Frentes,Plavicon,Exteriores,latex-frentes-4l-plavicon,Pintura látex acrílica para frentes y exteriores marca Plavicon. Excelente resistencia a la intemperie y rayos UV. Impermeabilizante que protege contra la humedad. Acabado mate que disimula imperfecciones. Rendimiento: 10-12 m²/litro.,45485,31839.5,25,Sí,2756,BLANCO,5KG,NULL,https://aakzspzfulgftqlgwkpb.supabase.co/storage/v1/object/public/product-images/plavicon/latex-frentes-4l-plavicon.webp
51,Látex Frentes,Plavicon,Exteriores,latex-frentes-10l-plavicon,"Pintura látex acrílica para frentes y exteriores marca Plavicon presentación 10L. Protección superior contra hongos y algas. Excelente cubrimiento y durabilidad. Ideal para fachadas, muros y superficies expuestas.",96886,67820.2,18,Sí,2757,BLANCO,12KG,NULL,https://aakzspzfulgftqlgwkpb.supabase.co/storage/v1/object/public/product-images/plavicon/latex-frentes-10l-plavicon.webp
52,Látex Frentes,Plavicon,Exteriores,latex-frentes-20l-plavicon,Pintura látex acrílica para frentes y exteriores marca Plavicon presentación 20L. Máxima protección para grandes superficies. Resistencia excepcional a condiciones climáticas adversas. Aplicación fácil con excelente nivelación.,163300,114310,12,Sí,2758,BLANCO,24KG,NULL,https://aakzspzfulgftqlgwkpb.supabase.co/storage/v1/object/public/product-images/plavicon/latex-frentes-20l-plavicon.webp
53,Látex Interior,Plavicon,Interiores,latex-interior-4l-plavicon,"Pintura látex acrílica para interiores marca Plavicon. Acabado mate lavable con excelente cubrimiento. Baja emisión de olores y secado rápido. Ideal para dormitorios, living y espacios habitables. Fácil aplicación y limpieza.",41200,28840,30,Sí,2849,BLANCO,4L,NULL,https://aakzspzfulgftqlgwkpb.supabase.co/storage/v1/object/public/product-images/plavicon/latex-interior-4l-plavicon.webp
54,Látex Interior,Plavicon,Interiores,latex-interior-10l-plavicon,Pintura látex acrílica para interiores marca Plavicon presentación 10L. Excelente lavabilidad y resistencia al roce. Disponible en base blanca para tintado. Cobertura uniforme y acabado profesional.,87700,61390,22,,2850,BLANCO,10L,NULL,https://aakzspzfulgftqlgwkpb.supabase.co/storage/v1/object/public/product-images/plavicon/latex-interior-10l-plavicon.webp
55,Látex Interior,Plavicon,Interiores,latex-interior-20l-plavicon,Pintura látex acrílica para interiores marca Plavicon presentación 20L. Máxima performance para grandes proyectos. Excelente relación calidad-precio. Resistente a manchas y fácil mantenimiento.,153000,107100,15,,2851,BLANCO,20L,NULL,https://aakzspzfulgftqlgwkpb.supabase.co/storage/v1/object/public/product-images/plavicon/latex-interior-20l-plavicon.webp
56,Cielorraso,Plavicon,Techos,cielorraso-1l-plavicon,Pintura látex especial para cielorrasos marca Plavicon. Fórmula antihongo que previene la formación de moho y hongos. Secado rápido y sin goteo. Acabado mate que oculta imperfecciones. Ideal para baños y cocinas.,10576,7403.2,35,Sí,4462,BLANCO,1L,NULL,https://aakzspzfulgftqlgwkpb.supabase.co/storage/v1/object/public/product-images/plavicon/cielorraso-1l-plavicon.webp
57,Cielorraso,Plavicon,Techos,cielorraso-4l-plavicon,"Pintura látex especial para cielorrasos marca Plavicon presentación 4L. Protección antihongo de larga duración. Excelente adherencia sobre yeso, hormigón y placas. Aplicación sin salpicaduras.",31354,21947.8,25,Sí,4463,BLANCO,4L,NULL,https://aakzspzfulgftqlgwkpb.supabase.co/storage/v1/object/public/product-images/plavicon/cielorraso-4l-plavicon.webp
58,Cielorraso,Plavicon,Techos,cielorraso-10l-plavicon,Pintura látex especial para cielorrasos marca Plavicon presentación 10L. Máxima protección contra humedad y condensación. Rendimiento superior y fácil aplicación con rodillo.,75156,52609.2,18,Sí,4464,BLANCO,10L,NULL,https://aakzspzfulgftqlgwkpb.supabase.co/storage/v1/object/public/product-images/plavicon/cielorraso-10l-plavicon.webp
59,Cielorraso,Plavicon,Techos,cielorraso-20l-plavicon,Pintura látex especial para cielorrasos marca Plavicon presentación 20L. Solución profesional para grandes superficies. Tecnología antihongo avanzada y secado ultrarrápido.,136000,95200,12,Sí,4465,BLANCO,20L,NULL,https://aakzspzfulgftqlgwkpb.supabase.co/storage/v1/object/public/product-images/plavicon/cielorraso-20l-plavicon.webp
60,Látex Muros,Plavicon,Exteriores,latex-muros-4l-plavicon,"Pintura látex impermeabilizante para muros y frentes marca Plavicon. Protección superior contra filtraciones y humedad. Resistente a hongos, algas y eflorescencias. Excelente adherencia sobre mampostería.",53700,37590,22,,4261,BLANCO,5KG,NULL,https://aakzspzfulgftqlgwkpb.supabase.co/storage/v1/object/public/product-images/plavicon/latex-muros-4l-plavicon.webp
61,Látex Muros,Plavicon,Exteriores,latex-muros-10l-plavicon,Pintura látex impermeabilizante para muros y frentes marca Plavicon presentación 10L. Tecnología de barrera contra la humedad. Acabado texturado que disimula irregularidades de la superficie.,118500,82950,16,,4103,BLANCO,12KG,NULL,https://aakzspzfulgftqlgwkpb.supabase.co/storage/v1/object/public/product-images/plavicon/latex-muros-10l-plavicon.webp
62,Látex Muros,Plavicon,Exteriores,latex-muros-20l-plavicon,Pintura látex impermeabilizante para muros y frentes marca Plavicon presentación 20L. Máxima protección para grandes proyectos. Resistencia excepcional a condiciones climáticas extremas.,224370,157059,10,,2855,BLANCO,24KG,NULL,https://aakzspzfulgftqlgwkpb.supabase.co/storage/v1/object/public/product-images/plavicon/latex-muros-20l-plavicon.webp
63,Recuplast Interior,Sinteplast,Interiores,recuplast-interior-1l-sinteplast,Pintura látex acrílica mate para interiores marca Sinteplast. Excelente cubrimiento y nivelación. Fórmula de bajo olor y secado rápido. Ideal para renovación de ambientes. Rendimiento: 12-14 m²/litro.,14500,10150,40,Sí,3684,BLANCO ,1L,NULL,https://aakzspzfulgftqlgwkpb.supabase.co/storage/v1/object/public/product-images/sinteplast/recuplast-interior-1l-sinteplast.webp
64,Recuplast Interior,Sinteplast,Interiores,recuplast-interior-4l-sinteplast,Pintura látex acrílica mate para interiores marca Sinteplast presentación 4L. Excelente relación calidad-precio. Cobertura uniforme y acabado profesional. Disponible en base blanca para tintado.,43233,30263.1,28,Sí,1127,BLANCO,4L,NULL,https://aakzspzfulgftqlgwkpb.supabase.co/storage/v1/object/public/product-images/sinteplast/recuplast-interior-4l-sinteplast.webp
65,Recuplast Interior,Sinteplast,Interiores,recuplast-interior-10l-sinteplast,Pintura látex acrílica mate para interiores marca Sinteplast presentación 10L. Performance superior para proyectos medianos. Excelente lavabilidad y resistencia al desgaste.,102037,71425.9,20,Sí,1128,BLANCO,10L,NULL,https://aakzspzfulgftqlgwkpb.supabase.co/storage/v1/object/public/product-images/sinteplast/recuplast-interior-10l-sinteplast.webp
66,Recuplast Interior,Sinteplast,Interiores,recuplast-interior-20l-sinteplast,Pintura látex acrílica mate para interiores marca Sinteplast presentación 20L. Solución económica para grandes superficies. Durabilidad comprobada y fácil aplicación.,172900,121030,14,Sí,1129,BLANCO,20L,NULL,https://aakzspzfulgftqlgwkpb.supabase.co/storage/v1/object/public/product-images/sinteplast/recuplast-interior-20l-sinteplast.webp
67,Recuplast Baño y Cocina Antihumedad,Sinteplast,Humedades,recuplast-bano-cocina-1l-sinteplast,Pintura látex especial para baños y cocinas marca Sinteplast. Fórmula antihumedad y antihongo. Super lavable y resistente a la condensación. Acabado satinado que facilita la limpieza. Protección duradera en ambientes húmedos.,20206,14144.2,30,,4589,BLANCO,1L,NULL,https://aakzspzfulgftqlgwkpb.supabase.co/storage/v1/object/public/product-images/sinteplast/recuplast-bano-cocina-1l-sinteplast.webp
68,Recuplast Baño y Cocina Antihumedad,Sinteplast,Humedades,recuplast-bano-cocina-4l-sinteplast,Pintura látex especial para baños y cocinas marca Sinteplast presentación 4L. Tecnología avanzada contra humedad y hongos. Excelente adherencia sobre azulejos previamente tratados. Resistencia superior al vapor y salpicaduras.,66208,46345.6,22,,4590,BLANCO,4L,NULL,https://aakzspzfulgftqlgwkpb.supabase.co/storage/v1/object/public/product-images/sinteplast/recuplast-bano-cocina-4l-sinteplast.webp
69,Poximix Interior,Akapol,Reparaciones,poximix-interior-05kg-akapol,"Masilla epoxi bicomponente para reparación de grietas y fisuras interiores marca Poxipol. Excelente adherencia sobre hormigón, yeso y mampostería. Fácil aplicación y lijado. Secado rápido y pintable. Ideal para reparaciones menores.",5160,3612,35,Sí,393,BLANCO,0.5KG,NULL,https://aakzspzfulgftqlgwkpb.supabase.co/storage/v1/object/public/product-images/poximix/poximix-interior-05kg-poxipol.png
70,Poximix Interior,Akapol,Reparaciones,poximix-interior-125kg-akapol,Masilla epoxi bicomponente para reparación de grietas y fisuras interiores marca Poxipol presentación 1.25kg. Resistencia mecánica superior. Excelente para reparaciones estructurales menores. No se contrae al secar.,6850,4795,25,Sí,395,BLANCO,1.25KG,NULL,https://aakzspzfulgftqlgwkpb.supabase.co/storage/v1/object/public/product-images/poximix/poximix-interior-125kg-poxipol.png
71,Poximix Interior,Akapol,Reparaciones,poximix-interior-3kg-akapol,Masilla epoxi bicomponente para reparación de grietas y fisuras interiores marca Poxipol presentación 3kg. Solución profesional para reparaciones medianas. Excelente trabajabilidad y tiempo abierto.,15086,10560.2,18,Sí,3391,BLANCO,3KG,NULL,https://aakzspzfulgftqlgwkpb.supabase.co/storage/v1/object/public/product-images/poximix/poximix-interior-3kg-poxipol.png
72,Poximix Interior,Akapol,Reparaciones,poximix-interior-5kg-akapol,Masilla epoxi bicomponente para reparación de grietas y fisuras interiores marca Poxipol presentación 5kg. Máxima performance para grandes reparaciones. Resistencia química y mecánica excepcional. Uso profesional.,24131,16891.7,12,Sí,397,BLANCO,5KG,NULL,https://aakzspzfulgftqlgwkpb.supabase.co/storage/v1/object/public/product-images/poximix/poximix-interior-5kg-poxipol.png
73,Sintético Converlux,Petrilac,"Maderas, Sintéticos",sintetico-converlux-1l-petrilac,"Esmalte sintético de alta calidad para maderas marca Petrilac. Excelente nivelación y brillo. Protección duradera contra la intemperie. Disponible en gran variedad de colores. Ideal para puertas, ventanas y muebles exteriores.",15344,10740.8,28,Sí,"ALUMINIO 3474, AMARILLO 4477, AMARILLO MEDIANO 3938, AZUL MARINO 3492, AZUL TRAFUL 3478, BERMELLON 3476, BLANCO BRILL 638, BLANCO SAT 3396, BLANCO MATE 3711, GRIS PERLA 4476, GRIS 971, MARFIL 3477, MARRON 951, NARANJA 3934, NEGRO BRILL 984, NEGRO SAT 3945, NEGRO MATE 3712, TOSTADO 980, VERDE INGLES 994, VERDE NOCHE 993","ALUMINIO 3474, AMARILLO 4477, AMARILLO MEDIANO 3938, AZUL MARINO 3492, AZUL TRAFUL 3478, BERMELLON 3476, BLANCO BRILL 638, BLANCO SAT 3396, BLANCO MATE 3711, GRIS PERLA 4476, GRIS 971, MARFIL 3477, MARRON 951, NARANJA 3934, NEGRO BRILL 984, NEGRO SAT 3945, NEGRO MATE 3712, TOSTADO 980, VERDE INGLES 994, VERDE NOCHE 993",1L,NULL,https://aakzspzfulgftqlgwkpb.supabase.co/storage/v1/object/public/product-images/petrilac/sintetico-converlux-1l-petrilac.webp
74,Sintético Converlux,Petrilac,"Maderas, Sintéticos",sintetico-converlux-4l-petrilac,Esmalte sintético de alta calidad para maderas marca Petrilac presentación 4L. Tecnología de protección UV. Resistente a rayado y desgaste. Acabado profesional con excelente durabilidad.,57422,40195.4,20,Sí,"ALUMINIO 4239, AMARILLO 4643, AMARILLO MEDIANO 3943, AZUL MARINO 3941, AZUL TRAFUL 4644, BERMELLON 4645, BLANCO BRILL 3484, BLANCO SAT 3395, BLANCO MATE 3710, GRIS PERLA 4646, GRIS 3674, MARFIL 3944, MARRON 3949, NARANJA 3942, NEGRO BRILL 3473, NEGRO SAT 3479, NEGRO MATE 4067, TOSTADO 3940, VERDE INGLES 3475, VERDE NOCHE 3835","ALUMINIO 4239, AMARILLO 4643, AMARILLO MEDIANO 3943, AZUL MARINO 3941, AZUL TRAFUL 4644, BERMELLON 4645, BLANCO BRILL 3484, BLANCO SAT 3395, BLANCO MATE 3710, GRIS PERLA 4646, GRIS 3674, MARFIL 3944, MARRON 3949, NARANJA 3942, NEGRO BRILL 3473, NEGRO SAT 3479, NEGRO MATE 4067, TOSTADO 3940, VERDE INGLES 3475, VERDE NOCHE 3835
",4L,NULL,https://aakzspzfulgftqlgwkpb.supabase.co/storage/v1/object/public/product-images/petrilac/sintetico-converlux-4l-petrilac.webp
75,Impregnante Danzke,Petrilac,Maderas,impregnante-danzke-1l-petrilac,"Impregnante protector para maderas marca Petrilac. Penetra profundamente protegiendo desde el interior. Previene ataques de hongos, insectos y humedad. Mantiene la textura natural de la madera. Ideal para deck, pérgolas y maderas exteriores.",23900,16730,25,Sí,"CAOBA 1201, CEDRO 1199, CRISTAL 1202, NATURAL 1200, NOGAL 1203, ROBLE 1204","CAOBA 1201, CEDRO 1199, CRISTAL 1202, NATURAL 1200, NOGAL 1203, ROBLE 1204",1L,Brillante,https://aakzspzfulgftqlgwkpb.supabase.co/storage/v1/object/public/product-images/petrilac/impregnante-danzke-1l-petrilac.webp
76,Impregnante Danzke,Petrilac,Maderas,impregnante-danzke-4l-petrilac,Impregnante protector para maderas marca Petrilac presentación 4L. Protección integral contra agentes bióticos y abióticos. Fórmula de larga duración. Excelente penetración en maderas duras y blandas.,91500,64050,18,Sí,"CAOBA 1201, CEDRO 1199, CRISTAL 1202, NATURAL 1200, NOGAL 1203, ROBLE 1204","CAOBA 1201, CEDRO 1199, CRISTAL 1202, NATURAL 1200, NOGAL 1203, ROBLE 1204",4L,Brillante,https://aakzspzfulgftqlgwkpb.supabase.co/storage/v1/object/public/product-images/petrilac/impregnante-danzke-4l-petrilac.webp
76*,Impregnante Danzke,Petrilac,Maderas,impregnante-danzke-4l-petrilac,Impregnante protector para maderas marca Petrilac presentación 4L. Protección integral contra agentes bióticos y abióticos. Fórmula de larga duración. Excelente penetración en maderas duras y blandas.,21342,14939.4,18,Sí,"CEDRO 1193, NATURAL 1194, CAOBA 1195, CRISTAL 1196, NOGAL 1197, ROBLE 1198","CEDRO 1193, NATURAL 1194, CAOBA 1195, CRISTAL 1196, NOGAL 1197, ROBLE 1198",1L,Satinado,https://aakzspzfulgftqlgwkpb.supabase.co/storage/v1/object/public/product-images/petrilac/impregnante-danzke-4l-petrilac.webp
76*,Impregnante Danzke,Petrilac,Maderas,impregnante-danzke-4l-petrilac,Impregnante protector para maderas marca Petrilac presentación 4L. Protección integral contra agentes bióticos y abióticos. Fórmula de larga duración. Excelente penetración en maderas duras y blandas.,81607,57124.9,18,Sí,"CEDRO 1205, NATURAL 1206, CAOBA 1207, CRISTAL 1208, NOGAL 1209, ROBLE 1210","CEDRO 1205, NATURAL 1206, CAOBA 1207, CRISTAL 1208, NOGAL 1209, ROBLE 1210",4L,Satinado,https://aakzspzfulgftqlgwkpb.supabase.co/storage/v1/object/public/product-images/petrilac/impregnante-danzke-4l-petrilac.webp
77,Barniz Campbell,Petrilac,"Terminaciones, Maderas",barniz-campbell-1l-petrilac,"Barniz poliuretánico transparente marca Petrilac. Excelente resistencia al desgaste y rayado. Protección UV que evita el amarillamiento. Ideal para pisos de madera, muebles y carpintería fina. Acabado brillante de alta durabilidad.",19843,13890.1,22,Sí,1166,INCOLORO,1L,NULL,https://aakzspzfulgftqlgwkpb.supabase.co/storage/v1/object/public/product-images/petrilac/barniz-campbell-1l-petrilac.webp
78,Barniz Campbell,Petrilac,"Terminaciones, Maderas",barniz-campbell-4l-petrilac,Barniz poliuretánico transparente marca Petrilac presentación 4L. Tecnología de protección avanzada. Resistencia excepcional al tráfico y uso intensivo. Aplicación profesional para grandes superficies.,71546,50082.2,15,Sí,1167,INCOLORO,4L,NULL,https://aakzspzfulgftqlgwkpb.supabase.co/storage/v1/object/public/product-images/petrilac/barniz-campbell-4l-petrilac.webp
79,Cinta Papel Blanca,Genérico,Profesionales,cinta-papel-blanca-18mm,Cinta de papel para enmascarar marca genérica. Ancho 18mm x 40 metros. Adhesivo de fácil remoción que no deja residuos. Ideal para trabajos de precisión y detalles finos. Resistente a solventes de pinturas.,2141,1498.7,50,Sí,4530,NULL,18mm x 40m,NULL,https://aakzspzfulgftqlgwkpb.supabase.co/storage/v1/object/public/product-images/genericos/cinta-papel-blanca-18mm.webp
80,Cinta Papel Blanca ,Genérico,Profesionales,cinta-papel-blanca-24mm,Cinta de papel para enmascarar marca genérica. Ancho 24mm x 40 metros. Excelente adherencia y remoción limpia. Uso general en trabajos de pintura. Resistente a la humedad y temperatura.,2854,1997.8,45,Sí,4427,NULL,24mm x 40m,NULL,https://aakzspzfulgftqlgwkpb.supabase.co/storage/v1/object/public/product-images/genericos/cinta-papel-blanca-24mm.webp
81,Cinta Papel Blanca ,Genérico,Profesionales,cinta-papel-blanca-36mm,Cinta de papel para enmascarar marca genérica. Ancho 36mm x 40 metros. Tamaño estándar para la mayoría de trabajos de pintura. Protección efectiva de superficies. Fácil desenrollado y aplicación.,4288,3001.6,40,Sí,4434,NULL,36mm x 40m,NULL,https://aakzspzfulgftqlgwkpb.supabase.co/storage/v1/object/public/product-images/genericos/cinta-papel-blanca-36mm.webp
82,Cinta Papel Blanca,Genérico,Profesionales,cinta-papel-blanca-48mm,Cinta de papel para enmascarar marca genérica. Ancho 48mm x 40 metros. Ideal para proteger áreas grandes y zócalos. Máxima cobertura con una sola pasada. Adhesivo balanceado para remoción sin daños.,5709,3996.3,35,Sí,4448,NULL,48mm x 40m,NULL,https://aakzspzfulgftqlgwkpb.supabase.co/storage/v1/object/public/product-images/genericos/cinta-papel-blanca-48mm.webp
83,Poximix Exterior,Akapol,Exteriores,poximix-exterior-05kg-akapol,"Poximix Exterior es ideal para reparar grietas, agujeros y huecos en las paredes y techos del exterior del hogar. Resistente a la intemperie y condiciones climáticas adversas. Presentación de 0.5kg.",5160,3612,15,Sí,394,GRIS,0.5KG,NULL,https://aakzspzfulgftqlgwkpb.supabase.co/storage/v1/object/public/product-images/poximix/poximix-exterior-05kg-poxipol.png
84,Poximix Exterior,Akapol,Exteriores,poximix-exterior-125kg-akapol,"Poximix Exterior es ideal para reparar grietas, agujeros y huecos en las paredes y techos del exterior del hogar. Resistente a la intemperie y condiciones climáticas adversas. Presentación de 1.25kg.",6850,4795,12,Sí,396,GRIS,1.25KG,NULL,https://aakzspzfulgftqlgwkpb.supabase.co/storage/v1/object/public/product-images/poximix/poximix-exterior-125kg-poxipol.png
85,Poximix Exterior,Akapol,Exteriores,poximix-exterior-3kg-akapol,"Poximix Exterior es ideal para reparar grietas, agujeros y huecos en las paredes y techos del exterior del hogar. Resistente a la intemperie y condiciones climáticas adversas. Presentación de 3kg.",15086,10560.2,8,Sí,3392,GRIS,3KG,NULL,https://aakzspzfulgftqlgwkpb.supabase.co/storage/v1/object/public/product-images/poximix/poximix-exterior-3kg-poxipol.png
86,Poximix Exterior,Akapol,Exteriores,poximix-exterior-5kg-akapol,"Poximix Exterior es ideal para reparar grietas, agujeros y huecos en las paredes y techos del exterior del hogar. Resistente a la intemperie y condiciones climáticas adversas. Presentación de 5kg.",24131,16891.7,6,Sí,398,GRIS,5KG,NULL,https://aakzspzfulgftqlgwkpb.supabase.co/storage/v1/object/public/product-images/poximix/poximix-exterior-5kg-poxipol.png
87,Lija al Agua,El Galgo,Accesorios,lija-al-agua-grano-40-el-galgo,Lija al agua de grano 40 marca El Galgo. Ideal para lijado grueso y preparación inicial de superficies. Excelente calidad y durabilidad para trabajos profesionales de pinturería y construcción.,1161,812.7,50,Sí,,NULL,Grano 40,NULL,https://aakzspzfulgftqlgwkpb.supabase.co/storage/v1/object/public/product-images/galgo/lija-al-agua-40.png
88,Lija al Agua,El Galgo,Accesorios,lija-al-agua-grano-50-el-galgo,Lija al agua de grano 50 marca El Galgo. Perfecta para lijado medio y preparación de superficies. Calidad profesional para acabados superiores en trabajos de pintura.,1161,812.7,50,Sí,3627,NULL,Grano 50,NULL,https://aakzspzfulgftqlgwkpb.supabase.co/storage/v1/object/public/product-images/galgo/lija-al-agua-50.png
89,Lija al Agua,El Galgo,Accesorios,lija-al-agua-grano-80-el-galgo,Lija al agua de grano 80 marca El Galgo. Ideal para lijado medio-fino y preparación de superficies antes del acabado. Excelente adherencia y resistencia al agua.,1161,812.7,50,Sí,3588,NULL,Grano 80,NULL,https://aakzspzfulgftqlgwkpb.supabase.co/storage/v1/object/public/product-images/galgo/lija-al-agua-80.png
90,Lija al Agua,El Galgo,Accesorios,lija-al-agua-grano-120-el-galgo,Lija al agua de grano 120 marca El Galgo. Perfecta para lijado fino y preparación final de superficies. Ideal para trabajos de precisión y acabados de alta calidad.,1161,812.7,50,Sí,3070,NULL,Grano 120,NULL,https://aakzspzfulgftqlgwkpb.supabase.co/storage/v1/object/public/product-images/galgo/lija-al-agua-120.png
91,Lija al Agua,El Galgo,Accesorios,lija-al-agua-grano-180-el-galgo,Lija al agua de grano 180 marca El Galgo. Ideal para lijado extrafino y acabados de precisión. Perfecta para preparación final antes de aplicar pinturas o barnices de alta gama.,1161,812.7,50,Sí,3708,NULL,Grano 180,NULL,https://aakzspzfulgftqlgwkpb.supabase.co/storage/v1/object/public/product-images/galgo/lija-al-agua-180.png
92,Bandeja Chata para Pintura,Genérico,Accesorios,bandeja-chata-para-pintura,"Bandeja chata profesional para pintura. Ideal para cargar rodillos y distribuir uniformemente la pintura. Fabricada en plástico resistente, fácil de limpiar y reutilizable. Indispensable para trabajos de pintura profesionales.",2816,1971.2,30,Sí,1664,NULL,NULL,NULL,https://aakzspzfulgftqlgwkpb.supabase.co/storage/v1/object/public/product-images/genericos/bandeja-chata.png
93,Pinceleta para Obra V2 N40,Genérico,Accesorios,pinceleta-para-obra-n40,"Pinceleta profesional para obra y trabajos de construcción. Cerdas de alta calidad para aplicación uniforme de pinturas, barnices y tratamientos. Mango ergonómico para mayor comodidad durante trabajos prolongados.",7846,5492.2,40,Sí,3065,NULL,NULL,NULL,https://aakzspzfulgftqlgwkpb.supabase.co/storage/v1/object/public/product-images/genericos/pinceleta-obra.png
94,Recuplast Frentes,Sinteplast,Exteriores,recuplast-frentes-1l-sinteplast,"Látex impermeabilizante para exteriores de alta performance. Protege las paredes de la humedad, hongos y manchas, brindando una terminación uniforme y duradera. Ideal para frentes y muros expuestos a la intemperie. Disponible en colores blanco, cemento y gris.",18127,12688.9,10,,3386,"BLANCO, CEMENTO, GRIS",1L,NULL,-
95,Recuplast Frentes,Sinteplast,Exteriores,recuplast-frentes-4l-sinteplast,"Látex impermeabilizante para exteriores de alta performance. Protege las paredes de la humedad, hongos y manchas, brindando una terminación uniforme y duradera. Ideal para frentes y muros expuestos a la intemperie. Disponible en colores blanco, cemento y gris.",54010,37807,8,,2750,"BLANCO, CEMENTO, GRIS",4L,NULL,-
96,Recuplast Frentes,Sinteplast,Exteriores,recuplast-frentes-10l-sinteplast,"Látex impermeabilizante para exteriores de alta performance. Protege las paredes de la humedad, hongos y manchas, brindando una terminación uniforme y duradera. Ideal para frentes y muros expuestos a la intemperie. Disponible en colores blanco, cemento y gris.",128702,90091.4,7,,2751,"BLANCO, CEMENTO, GRIS",10L,NULL,-
97,Recuplast Frentes,Sinteplast,Exteriores,recuplast-frentes-20l-sinteplast,"Látex impermeabilizante para exteriores de alta performance. Protege las paredes de la humedad, hongos y manchas, brindando una terminación uniforme y duradera. Ideal para frentes y muros expuestos a la intemperie. Disponible en colores blanco, cemento y gris.",209935,146954.5,20,,2771,"BLANCO, CEMENTO, GRIS",20L,NULL,-
98,Sellador Multiuso Juntas y Grietas,Plavicon,"Exteriores, Techos",sellador-multiuso-juntas-y-grietas-350gr-plavicon,"Masilla elástica multipropósito para sellar grietas y juntas en techos, paredes y muros exteriores. De gran adherencia, flexible y resistente a la intemperie. Ideal para reparaciones rápidas y duraderas. Color blanco, presentación de 350 g.",8530,5971,25,,4571,BLANCO,350GR,NULL,-
99,Plavipint Fibrado,Plavicon,"Exteriores, Techos",plavipint-fibrado-plavicon,"Revestimiento impermeabilizante fibrado para techos y terrazas. Forma una película elástica y resistente que acompaña los movimientos de dilatación y contracción, evitando filtraciones y grietas. Ideal para superficies expuestas al sol y la lluvia, con excelente adherencia y durabilidad.",,,0,,,,,,